date,strategy,benchmark
2009-08-31,-0.012687006510722165,0.013601129260693507
2009-09-30,0.059731903262659494,0.052692021895238285
2009-10-31,-0.02601372321370652,0.006699160329722795
2009-11-30,0.08599549545304049,0.046992492241637304
2009-12-31,0.034676442315668646,0.02917886761594497
2010-01-31,-0.07670040255680734,-0.04766424346538023
2010-02-28,0.03403527763644908,0.012414814682179906
2010-03-31,0.08438279559212833,0.05345735309137981
2010-04-30,-0.009065100855505836,0.003812247458632123
2010-05-31,-0.0696393336405188,-0.0446720706889426
2010-06-30,-0.04408971229089487,-0.014422385978702051
2010-07-31,-0.005568413375767978,0.02551719882275824
2010-08-31,0.015544201656467083,-0.012895021645253536
2010-09-30,0.1050104777286541,0.0755764090424207
2010-10-31,0.04072867225537864,0.03330578881284806
2010-11-30,0.021415009889401683,0.02046641632681195
2010-12-31,0.06248688067583992,0.03455933867541404
2011-01-31,-0.030891946598000465,-2.4905703373921352e-05
2011-02-28,0.029354555653848556,0.014553975051543091
2011-03-31,0.005271506687656957,0.015993615936350073
2011-04-30,0.06746975333860622,0.01801992182054905
2011-05-31,-0.02835483485197059,-0.016738654316259014
2011-06-30,-0.030587754350537753,-0.015968117151840967
2011-07-31,0.03294619672017044,0.01761590485363315
2011-08-31,-0.017121971217353826,-0.031942293882165004
2011-09-30,-0.06621923104701351,-0.050679239040131885
2011-10-31,0.03174388846668608,0.06819140164144978
2011-11-30,-0.017684920742514043,-0.02853421267157355
2011-12-31,-0.06877971218890024,-0.02777909987836538
2012-01-31,0.0003270265307432463,0.06583097210802172
2012-02-29,0.04701245736785039,0.04306536990839557
2012-03-31,0.027664148277538082,0.007894909715963386
2012-04-30,0.017235829124033885,-0.003749663572976595
2012-05-31,0.016813570784827415,-0.05407620448803469
2012-06-30,-0.00995269345737727,0.022634557468482797
2012-07-31,0.009705291346517075,-0.0015481272228810988
2012-08-31,0.020761725324163947,0.02215101095277427
2012-09-30,0.013730764648464667,0.033301804480179775
2012-10-31,-0.01600023364506592,-0.01462035422095036
2012-11-30,0.02863548112576849,0.02608750849965922
2012-12-31,-0.0010075273840154941,0.011753247387653393
2013-01-31,0.015523678842199972,0.02801597043442581
2013-02-28,-0.003623934190310907,-0.013067003758901973
2013-03-31,0.02775316429685798,0.001892980408353412
2013-04-30,0.017267756461899052,0.026679777221081624
2013-05-31,0.1008004119266281,0.03544432387952915
2013-06-30,-0.010404473327291119,-0.023850893355929416
2013-07-31,0.05975709217964784,0.04070568052037833
2013-08-31,0.007433825021623197,0.02106773030209478
2013-09-30,0.04818931443124239,0.021853356679453935
2013-10-31,0.015652658214057515,0.0359125361411826
2013-11-30,-0.0032631522576184735,-0.0001244331123382708
2013-12-31,0.0599006551714081,0.02189664284382063
2014-01-31,0.01780257502079109,-0.011367226351014304
2014-02-28,0.049896115168346744,0.03257417365202266
2014-03-31,-0.048322078420960944,0.005526974995332165
2014-04-30,-0.02047721039373135,-0.00309509554813277
2014-05-31,0.04654435913204671,0.022067792738111023
2014-06-30,0.04951929432641851,0.03279147524518505
2014-07-31,0.013545264675715351,0.01474921377468875
2014-08-31,0.053513940815233044,0.01635396310170805
2014-09-30,0.011678230333362493,-0.004473509529486133
2014-10-31,0.022279020119223537,-0.005174844815472923
2014-11-30,0.038377782791260404,0.016734901766510303
2014-12-31,-0.031183647751824962,-0.0150696618385266
2015-01-31,0.05269100486690383,0.0003750802914721762
2015-02-28,0.030205509903295746,0.03040310090791552
2015-03-31,-0.005131650641905983,-0.011457694905821077
2015-04-30,-0.0033486727893432657,0.03262330063028895
2015-05-31,0.021531649475686844,0.010158992855780808
2015-06-30,-0.0010426635967777154,-0.0005918480588106832
2015-07-31,0.014319177935288585,-8.48492362404953e-05
2015-08-31,-0.05992719232337214,-0.009233535870702294
2015-09-30,-0.002109940957240497,-0.016786784119365933
2015-10-31,0.028860490675812332,0.049898547102705915
2015-11-30,0.03571058183280671,0.0021760105826476622
2015-12-31,0.02054276005397295,-7.690167899741029e-05
2016-01-31,-0.04813220412928031,-0.045823824255738756
2016-02-29,-0.029277711085292236,-0.013891966708780207
2016-03-31,0.014327278148057065,0.05798230320172716
2016-04-30,-0.0003295593479138548,0.024963588406571563
2016-05-31,0.07165789386976026,0.02139893593477566
2016-06-30,0.018828825759899137,0.005495204980794667
2016-07-31,0.07090443626207668,0.03694022769596082
2016-08-31,-0.011236699809890994,0.009049199652354338
2016-09-30,0.03310547410092986,0.011843726313226832
2016-10-31,0.013584407520147456,0.009948637834854925
2016-11-30,-0.013689333632163991,-0.0016483161878123732
2016-12-31,0.04700244675618923,0.029852463117054293
2017-01-31,0.036820295893533306,0.02823474890922219
2017-02-28,0.028576309939766252,0.03505956792882002
2017-03-31,-0.0035634474128510398,0.007437135405983334
2017-04-30,0.03717553303950771,0.01696141622958024
2017-05-31,0.13868543358746493,0.043019112166224505
2017-06-30,0.0038356959669492595,-0.0011850369367415296
2017-07-31,0.06290698519899983,0.03451853737209049
2017-08-31,0.09129454910970947,0.0289165590019708
2017-09-30,-0.009377572528468292,0.0011863019054214688
2017-10-31,0.11179824781792855,0.055066455153980405
2017-11-30,0.059490960799162815,0.021443753296984107
2017-12-31,0.04872854419308701,0.04066486219054621
2018-01-31,0.062239084695430845,0.059508094259626824
2018-02-28,-0.023733054302616564,-0.019148439493932728
2018-03-31,-0.07914278482629564,-0.04606024892994838
2018-04-30,0.03960907372389927,0.0480269893394765
2018-05-31,-0.006746390037843708,0.005420592227260725
2018-06-30,0.010485655061553967,-0.0035591349566798445
2018-07-31,0.032906376373212184,0.02149952088831884
2018-08-31,0.0626919377262611,-0.0020844563505494455
2018-09-30,0.010930713176144613,-0.00978653001922434
2018-10-31,-0.1144601913825248,-0.03296677401333031
2018-11-30,-0.05831010476986379,-0.024524952180965984
2018-12-31,0.0021428245003214607,-0.02955469929809132
2019-01-31,0.004195910873859787,0.0336541202020885
2019-02-28,-0.016335304734365973,0.02578798214390886
2019-03-31,0.045436974459202105,0.022035598065289763
2019-04-30,0.043026358262810725,0.03816934071484329
2019-05-31,-0.04767958527839646,-0.010243521056951085
2019-06-30,0.01945536473088111,0.043040222423620426
2019-07-31,-0.021480737484088363,-0.0007577365476872695
2019-08-31,0.019550184233597577,-0.005170182702282826
2019-09-30,-0.03789170689438922,0.011091134133572569
2019-10-31,0.01825179838004981,0.038371197434236594
2019-11-30,-0.020144081910507327,0.002992349799082385
2019-12-31,0.016352720679881284,0.03283464953081749
2020-01-31,0.01648056612072658,0.028812865550995572
2020-02-29,-0.009634791193088809,-0.01835016475361791
2020-03-31,-0.09560962416594695,-0.13974165544093076
2020-04-30,0.1261267418491374,0.1114852434775589
2020-05-31,0.037943713153494554,0.061434996574274425
2020-06-30,0.09473518242507215,0.051306605608304585
2020-07-31,0.1001738708908622,0.07330271601976143
2020-08-31,0.20426955426347132,0.07853858340494382
2020-09-30,-0.08233991314215984,-0.03733832004414096
2020-10-31,0.010570473678485182,0.008732573779429674
2020-11-30,0.12785005258479287,0.10252181380058088
2020-12-31,0.12197987317036044,0.0678183095109025
2021-01-31,0.13723000857601475,0.030001645316201926
2021-02-28,-0.001288650345197384,0.03196416887763357
2021-03-31,0.0510881376040598,0.02413810143503991
2021-04-30,0.10773950641567494,0.038375663083145814
2021-05-31,-0.025336470053709148,0.013663482512137979
2021-06-30,0.01926671996189837,0.010922727249128315
2021-07-31,0.03336262130618169,0.008659441229194889
2021-08-31,0.07713909814393409,0.03674473626940222
2021-09-30,-0.01146405262701573,-0.007936463989094094
2021-10-31,0.1568105697441517,0.05463456201444331
2021-11-30,-0.020322168815857057,-0.0014602230811304423
2021-12-31,-0.014209853648467186,0.006932501724350395
2022-01-31,-0.05310855606788718,-0.013115517998123669
2022-02-28,0.019770876261011393,-0.0025862269928244373
2022-03-31,0.06904542538562831,0.02525527372209116
2022-04-30,-0.08894232928991205,-0.04298736219923748
2022-05-31,-0.03339681802660184,-0.019813606562248405
2022-06-30,-0.03102163943480022,-0.06961545077582058
2022-07-31,-0.03626016600437605,0.05972385054820115
2022-08-31,0.005985448375471358,-0.023177714476308148
2022-09-30,-0.01331729299106268,-0.05324747907818474
2022-10-31,-0.00508665959430028,0.02693061675150798
2022-11-30,-0.054315203188950535,0.032579836598101784
2022-12-31,-0.024520662285024787,-0.035628696551839215
2023-01-31,-0.029335373978640243,0.06735881156909178
2023-02-28,-0.01626280026263799,-0.0011796010187752998
2023-03-31,-0.018120081902738693,0.03418542147787853
2023-04-30,0.01829390188680945,0.01555404355798341
2023-05-31,0.039492558141069015,0.019140810207008585
2023-06-30,0.06676699700670916,0.03430845341895514
2023-07-31,0.025390181515046285,0.034109518171880904
2023-08-31,-0.034483554145948905,-0.022348475384646176
2023-09-30,-0.04144902542403996,-0.00910403181103251
2023-10-31,0.023768962247453673,-0.011466065729742615
2023-11-30,0.08460168642616842,0.050217479663122545
2023-12-31,0.056324828393581924,0.03103448318166214
2024-01-31,0.016430295907076432,0.004248585805818389
2024-02-29,0.1770465621005604,0.05440361658212376
2024-03-31,0.05772689312679542,0.029017863522155646
2024-04-30,-0.05765427802832328,-0.0026755389714511906
2024-05-31,0.0784667608202799,0.026903603763207096
2024-06-30,0.019776611654099586,0.020541838383221694
2024-07-31,-0.029015703061774013,0.014309388043645975
2024-08-31,-0.022375876614020806,-0.004899209296970839
2024-09-30,0.025676805724232865,0.030898934717066586
2024-10-31,0.02196670856684372,-0.003663393658396606
2024-11-30,0.10900828199734944,0.025984865020467283
2024-12-31,0.0013412564705667207,0.00289637081735747
2025-01-31,0.03302145884869199,0.03171430040163018
2025-02-28,-0.1065310986958014,-0.0296193386537636
2025-03-31,-0.021336634156748368,-0.008616109382314795
2025-04-30,0.009087179873486862,0.0018359806541801377
2025-05-31,0.060826742024385407,0.048303636227393434
2025-06-30,0.032188478969900666,0.03702706718634031
2025-07-31,0.025040481529112136,0.02230759939743637
2025-08-31,0.004315444020238002,0.019979021116807334
2025-09-30,0.09301736024307745,0.035120591925938645
2025-10-31,0.009613855870644927,0.026534993333585867
2025-11-30,-0.014940720166804655,0.001286981751298364
2025-12-31,0.0670463453650899,0.013257598540927198
2026-01-31,0.023387795674393152,0.010670576314466777
2026-02-28,0.04139328158212628,-0.000538708405520867
2026-03-31,-0.09048961778548814,-0.026164532967587615
2026-04-30,0.06613290606109275,0.056464414975682636
2026-05-31,-0.008209153119507085,0.0011159338823392919
2026-06-30,-0.10665086244255169,-0.04083872795461365
2026-07-31,-0.028724425227501783,0.033001327655749695
2026-08-31,0.03921267223834497,0.030661131611162937
